[
    {
        "appointmentDate": "2021-12-17T00:00:00Z",
        "appointmentTime": null,
        "dropoffAddress": {
            "address1": "17316 70th St N",
            "address2": "",
            "city": "Loxahatchee",
            "state": "FL",
            "zip": "33470"
        },
        "mode": "Cab",
        "pickupAddress": {
            "address1": "13475 Southern Blvd",
            "address2": "",
            "city": "Loxahatchee Groves",
            "state": "FL",
            "zip": "33470"
        },
        "providerTripId": "Z0WNWMFTI1B",
        "requestedPickTime": "2021-12-17T20:00:00Z",
        "tripMiles": 10.88
    },
    {
        "appointmentDate": "2021-12-17T00:00:00Z",
        "appointmentTime": "2021-12-17T15:30:00Z",
        "dropoffAddress": {
            "address1": "2500 Metrocentre Blvd",
            "address2": "",
            "city": "West Palm Beach",
            "state": "FL",
            "zip": "33407"
        },
        "mode": "Cab",
        "pickupAddress": {
            "address1": "1467 Holiday Dr",
            "address2": "",
            "city": "West Palm Beach",
            "state": "FL",
            "zip": "33415"
        },
        "providerTripId": "Z0WO69G3Q1A",
        "requestedPickTime": null,
        "tripMiles": 8.24
    }
]